prompt_id|log_file|start_time|end_time|gen_time|gen_time_seconds|execution_aborted|build_status|post_build_error|gemini_input_tokens|gemini_output_tokens|gemini_total_tokens|gemini_api_calls|anthropic_input_tokens|anthropic_output_tokens|anthropic_total_tokens|anthropic_api_calls|total_api_calls|config|user_prompt
1|prompt_1.log|2025-07-22 12:37:47|2025-07-22 12:51:23|13min 36sec|816|False|success|False|28992|1008|30000|6|1138414|48205|1186619|69|75|0111|Create a simple web app called Plant Care Tracker that lets users track the condition of their plants using fun plant moods based on custom rule-based logic. Avoid using AI, ML, or external APIs.
2|prompt_2.log|2025-07-22 21:51:03|2025-07-22 22:01:22|10min 19sec|619|False|success|False|27907|1054|28961|6|962959|33413|996372|61|67|0111|Make a Roommate Chore Wheel that randomly assigns chores each week and tracks completion.
3|prompt_3.log|2025-07-23 11:00:35|2025-07-23 11:13:03|12min 28sec|748|False|success|False|22660|950|23610|6|1251805|37280|1289085|109|115|0111|Build a dashboard to monitor car maintenance history and upcoming service dates.
4|prompt_4.log|2025-07-23 13:51:44|2025-07-23 13:59:35|7min 51sec|471|False|success|False|22832|1022|23854|6|403567|21777|425344|45|51|0111|Build a simple web app that suggests if tomorrow's trip to a given city is a good idea, based on open-meteo API's weather forecast for that city.
5|prompt_5.log|2025-07-23 05:41:25|2025-07-23 05:51:04|9min 39sec|579|False|success|False|19322|1043|20365|6|513263|23001|536264|66|72|0111|Build a currency conversion app that takes an amount, source currency and target currency as input and converts it using the Frankfurter API.
6|prompt_6.log|2025-07-22 21:22:25|2025-07-22 21:36:30|14min 05sec|845|False|success|False|21776|3013|24789|6|1119362|32300|1151662|69|75|1111|Generate a Streamlit app called Movie Watchlist Manager that connects to a local SQLite database to track movies you want to watch. The app should present a form to add new entries with fields for title, director, release year, and watch status ( “Planned”, “Watching”, “Completed”), display the existing list in a table with inline Edit and Delete buttons for each row, and immediately reflect any changes by writing back to the database and reloading the table.
7|prompt_7.log|2025-07-22 21:48:44|2025-07-22 22:05:00|16min 16sec|976|False|success|False|28834|866|29700|6|2010930|39817|2050747|88|94|1111|Build a Classic Snake Game with pygame and scaffold a Python app that opens a grid‑based window, draws the snake as a series of square blocks, and lets the player steer it with the arrow keys. it should have randomized “food” that, when eaten, grows the snake’s length and increments the score shown in the corner, and should include logic to detect collisions with walls or the snake’s own body to trigger a game‑over screen with a “Press R to restart” option.
8|prompt_8.log|2025-07-22 23:35:38|2025-07-22 23:43:32|7min 54sec|474|False|success|False|21268|801|22069|6|396339|18814|415153|40|46|1111|Generate Brick Breaker game using Pygame. Generate a window with a movable paddle at the bottom controlled by left/right arrow keys, a grid of colored bricks at the top, and a ball that bounces off walls, paddle, and bricks. Also cover ball physics, brick‑removal on collision, level completion detection, and a simple lives counter so you can lose on a missed bounce and reset the level.
9|prompt_9.log|2025-07-22 23:48:41|2025-07-22 23:55:11|6min 30sec|390|False|success|False|17134|813|17947|6|152306|16254|168560|28|34|1111|Generate a Memory Card Matching Game. create a window that lays out a face‑down grid of cards (6×6), flips two cards on click to reveal their icons, and either removes matching pairs or flips them back over after a brief pause. also should include shuffling the card deck, tracking attempts, and displaying a You Win dialog when all pairs are found.
10|prompt_10.log|2025-07-22 22:35:05|2025-07-22 22:42:38|7min 33sec|453|False|success|False|19960|988|20948|6|321914|15771|337685|47|53|1111|Write a Flask app called\u202fJoke Collector\u202fthat integrates with the Official Joke API and a local SQLite database: on the homepage, display a list of all saved jokes (setup, punchline, optional user comment) with “Edit” and “Delete” links; include a “Fetch Random Joke” button that issues a GET to\u202fhttps://official-joke-api.appspot.com/random_joke, inserts the returned setup and punchline into your SQLite table, flashes a success message, and redirects back to the list; clicking “Edit” loads the joke into a form where you can add or modify your personal comment and save it back to the database; clicking “Delete” removes the joke after flashing a confirmation; ensure each CRUD operation commits instantly and uses Flask’s flash messaging for user feedback.
11|prompt_11.log|2025-07-23 17:47:34|2025-07-23 18:03:40|16min 06sec|966|True|fail|False|4035|614|4649|4|3968452|51378|4019830|122|126|0111|Create a web app for managing a book library where users can add, view, update, and remove books, each with details like title, author, genre, and reading status. Include user-friendly forms, list views, and the ability to search or filter books.
